a	at	A
abad	abbot	
abadesa	abbess	
abadía	abbey	
abajo	below	
abandonar	cede	
abastacimiento	catering	
abatido	dejected	
abecé	alphabet	
abedul	birch	
abeja	bee	
abeto	fir	
abierto	open	
abismo	abyss	
abjurar	abjure	
abolas	bearing	
abolición	abolition	
abolir	abolish	
abominable	abhorrent	A
abonado	subscriber	
abonar	fertilize	
abonarse	subscribe	
abono	subscription	
abordaje	collision	
abordar	land	
abrazar	embrace	
abreviación	abbreviation	
abreviar	abbreviate	
abreviatura	abbreviation	
abrigo	cloak	
abril	april	
abrir	open	
abrogar	abolish	
absceso	abscess	
abstinencia	teetotalism	
abuela	grandmother	
abuelo	grandfather	
aburrido	boring	
aburrir	bore	
acabado	finishingoff	
acabar	finish	
academia	academy	A
acampar	camp	
acaso	accidence	
accidente	accident	
accionista	shareholder	
acción	action	
acechar	setatrapfor	
aceite	oil	
aceituna	olive	
acelerador	accelerator	
acento	accent	
acentuar	accent	
aceptable	acceptable	
aceptación	acceptance	
aceptar	accept	
acera	pavement	
acercarse	advance	
acero	steel	
acertar	catch	
achicoria	chicory	
acoger	greet	
acogida	greeting	
acometer	commitaggression	
acometida	access	
acomodar	accomodate	
acompañamiento	accompaniment	
acompañar	accompany	
aconsejar	advise	
acontecer	become	
acontecimiento	chance	
acordar	accede	
acordarse	think	
acorde	accord	
acordeón	accordion	
acortar	abbreviate	
acostar	puttobed	
acostarse	gotobed	
acostumbrarse	getused	
activo	active	
actriz	actress	
actual	current	A
actualmente	now	
acuario	aquarium	
acuerdo	accord	
acumulador	accumulator	
acusación	accusal	
acusado	accused	
acusar	accuse	
adaptar	accomodate	
adelantar	overhaul	
adelante	ahead	
adelgazar	lose	
además	besides	
adiestrar	tame	
adivinar	guess	
adiós	adieu	
adjetivo	adjective	
administración	administration	
administrador	manager	
administrar	administer	
admirar	admire	
admisible	acceptable	
admitir	accept	
adoptivo	adopted	
adoración	adoration	
adorar	adore	
adornado	adorned	
adquisición	accession	
aduana	customs	
adular	flatter	A
adverbio	adverb	
adyacente	adjacent	
adán	adam	
aeroplano	aeroplane	
aeropuerto	aerodrome	
aeróstato	balloon	
afable	lovable	
afectación	affectation	
afectar	affect	
afectuosidad	adherence	
afectuoso	affectionate	
afeitar	shave	
aficionado	amateur	A
afligido	sad	
afligir	afflict	
africana	africanwoman	A
africano	african	
afán	attempt	
agarrar	grasp	
agencia	agency	
agente	agent	
agilidad	expertness	
agosto	august	
agotado	exhausted	
agradable	agreeable	
agradar	please	
agradecer	thank	
agrado	pleasure	
agrario	agrarian	
agresión	access	
agresor	aggressor	
agrio	acetous	
agua	water	
aguardar	bide	
aguas	spa	
agudo	acute	
aguijón	sting	
aguja	needle	
agujero	hole	
agüero	indication	
ahogarse	drown	
ahora	now	
ahumado	smoked	
aire	air	
aislado	remote	
aislamiento	insulation	
ajuar	furniture	
ajustar	makeacontract	
ají	chilli	
ala	wing	A
alabar	commend	
alambre	wire	
alargar	give	
alarma	alarm	
albaricoque	apricot	
albergue	hostel	
alcachofa	artichoke	
alcade	mayor	
alcanzable	accessible	
alcanzar	achieve	
alcorán	koran	
alcázar	fortification	
aldea	village	
alegre	happy	A
alegría	gladness	
alejandro	alexander	
alemana	german	
alemania	germany	
alemán	german	
alentar	encourage	
aleta	fin	A
alfabeto	alphabet	
alfiler	pin	
alfombra	carpet	
algo	anything	
algodón	cotton	
alguien	a	
alguno	a	
alhaja	adornment	
aliento	breath	
alimentar	feed	
alimento	food	
alistar	recruit	
alma	soul	A
almacén	warehouse	
almanaque	almanac	
almeja	mussel	
almendra	almond	
almirante	admiral	
almohada	pillow	
almorranas	haemorhoids	
almorzar	lunch	
almuerzo	lunch	
almíbar	syrup	
alojamiento	accommodation	
alojarse	staywith	
alondra	lark	
alpes	alps	
alquilado	hiredout	
alquilar	let	
alquitrán	tar	
alrededores	environment	
alternar	alternate	
alternativa	alternation	
altitud	altitude	
alto	contralto	A
altura	height	
alumbrado	lighting	
alumbrar	illuminate	
alumbre	alum	
aluminio	aluminium	
amable	affable	
amainar	abate	
amanecer	dawn	
amar	love	
amargo	acerbic	A
amarillo	yellow	
amarradero	pier	
amasadura	massage	
amazona	amazon	
amberes	antwerp	
ambos	both	
amenaza	menace	
amenazar	menace	
americana	jacket	
americano	american	A
amerindio	indian	
amianto	asbestos	
amiga	friend	
amigo	friend	
amistad	friendship	
amnistía	amnesty	
amo	boss	
amojonar	trace	
amoníaco	ammonia	
amor	affection	
amortización	redemption	
amortizar	amortize	
ampliación	aggrandizement	
ampolla	bulb	
amputar	amputate	
amén	amen	
américa	america	
anales	annals	
analfabeto	illiterate	
ananás	pineapple	
anatema	anathema	
anchas	comfort	
ancho	broad	
anchoa	anchovy	
anchura	width	
anciano	old	
ancla	anchor	
anclar	anchor	
andalucía	andalusia	
andar	march	
andas	litter	
andén	platform	
anexar	annex	
anexionar	annex	
anexión	annexation	
anguila	eel	
angustia	agony	
angustioso	afraid	
anillo	ring	
animación	encouragement	
animar	encourage	
ano	anus	
anoche	lastnight	
anonchecer	dusk	
anormal	abnormal	
anotación	annotation	
anotar	note	
anteayer	thedaybeforeyesterday	
antecedente	antecedent	
antena	aerial	
anteriormente	ahead	
antes	before	A
anticongelante	antifreeze	
antiguo	ancient	
antigüedad	antiquity	
antillas	antilles	
antiséptico	antiseptic	
anualidad	instalment	
anualmente	annual	
anudar	tieon	
anular	cancel	
anunciación	annunciation	
anunciar	advertise	
anuncio	announcement	
anzuelo	hook	
anécdota	anecdote	
anís	anise	
anónimo	anonymous	
apagar	extinguish	
aparador	chest	
aparato	apparatus	
aparcamiento	parkinggarage	
aparecer	appear	
apariencia	appearance	
apartado	paragraph	
apartamento	apartment	
apartar	divide	
aparte	apart	
apelación	appeal	
apellido	surname	
apenas	barely	
aperitivo	dram	
apestar	reek	
apetito	appetite	
apio	celery	
aplaudir	acclaim	
aplauso	acclaim	
apocalipsis	apocalypse	
apoplejía	fit	
aporrear	thrash	
apostar	bet	
apostatar	apostatize	
apoyarse	lean	
aprender	learn	
apresurarse	hurry	
apretar	press	
aprovechar	avail	
aprovecharse	profit	
aprovisionamiento	arrival	
aproximarse	advance	
apróximadamente	about	
apuntar	note	
apéndice	accessory	
apócrifo	apocryphal	
apóstata	apostate	
apóstol	apostle	
arabesco	arabesque	
arado	plough	
araña	spider	
arbusto	bush	
arca	ark	
archiduque	archduke	
archipiélago	archipelago	
archivero	archivist	
archivista	archivist	
archivo	archive	
arcilla	clay	
arder	burn	
ardilla	squirrel	
arenque	herring	
argel	algiers	
argelina	algerianwoman	
argelino	algerian	
argentina	argentinianwoman	A
argentino	argentine	A
argumento	argument	
aristócrata	aristocrat	
arma	weapon	
armar	arm	
armario	cabinet	
arquitecto	architect	
arrancar	pick	
arranque	run	
arreglar	arrange	
arreglo	accommodation	
arrendar	hire	
arrepentimiento	repentance	
arrestar	arrest	
arresto	apprehension	
arriba	above	
arriesgado	adventurous	
arriesgar	hazard	
arroba	atpersand	
arrodillarse	kneel	
arrogante	arrogant	
arrojar	result	
arromar	blunt	
arroyo	stream	A
arroz	rice	
arruinar	ruin	
arrurruz	curry	
arte	art	A
arteria	artery	
artesanía	handiwork	
artillero	artilleryman	
artillería	artillery	
artista	artist	
artículo	article	
artístico	artistic	
arzobispado	archbishopric	
arzobispo	archbishop	
as	ace	A
asado	roasted	
asalter	assault	
asar	roast	
ascender	ascend	A
ascensión	ascensionday	
ascensor	elevator	
asediar	besiege	
asedio	siege	
asegurador	insurer	
asegurar	insure	
asentir	affirm	
asfalto	asphalt	
asiento	seat	
asilo	asylum	
asir	clutch	A
asistencias	alimony	
asistente	aid	
asiático	asian	
asma	asthma	
asombrar	amaze	
asombrarse	marvel	
aspecto	appearance	
aspirina	aspirin	
astilla	splinter	
astronauta	astronaut	
astucia	snare	
astuto	insidious	
asumir	guess	
asunto	affair	
así	so	
atacador	aggressor	
atacar	commitaggression	
ataque	access	
atenas	athens	
atención	acuity	
atender	advert	
atentado	assault	
atento	attentive	
aterrizaje	landing	
aterrizar	land	
atleta	athlete	
atletismo	athletics	
atlántico	atlantic	
atlético	athletic	
atmosférico	atmospheric	
atmósfera	atmosphere	
atomización	fission	
atornillar	screw	
atracar	land	
atractivo	attractive	
atraer	attract	
atrasado	backward	
atrasarse	belate	
atrasos	arrears	
atravesar	cross	
atrayente	attractive	
atreverse	dare	
atropallamiento	collision	
atropellar	collide	
atrás	behind	
aturdir	drug	
atún	tuna	
audiencia	audience	
aumentar	accrue	
aumento	accretion	
aunque	though	
ausencia	absence	
ausente	absent	
australiano	australian	
austriaco	austrian	
autobús	bus	
autoestrada	motorway	
automático	automatic	
automóvil	car	
autopista	motorway	
autor	author	A
autoridad	authority	
autorización	authorization	
autovía	motorway	
autócrata	autocrat	
autónomo	autonomic	
avalancha	avalanche	
ave	bird	
avellana	hazelnut	
avena	oats	
avenida	avenue	
aventajar	exceed	
aventura	adventure	A
aventurero	adventurous	
avergonzarse	beashamed	
averia	brakedown	
aversión	abhorrence	
avería	damage	
aves	birds	
avestruz	ostrich	
aviación	aeronautics	
avisar	caution	
aviso	warning	
avispa	wasp	
avión	aeroplane	
axioma	axiom	
ay	ah	A
ayer	yesterday	
ayuda	aid	
ayudante	adjutant	
ayudar	accomodate	
ayunar	fast	
ayuntamiento	townhall	
azada	hoe	
azafata	stewardess	
azteca	aztec	
azucarero	sugarbowl	
azul	blue	
azulejo	tile	
azúcar	sugar	
año	year	
aún	still	
babero	bib	
babor	portside	
babosa	slug	
bacalao	cod	
bache	pole	
bacteria	bacterium	A
badajo	clapper	
bagatela	trifle	
bagazo	bagasse	
bahía	bay	
bailar	dance	
baile	ball	A
baja	abatement	
bajamar	lowtide	
bajar	getout	
bajo	bass	
bajorrelieve	lowrelief	
bala	bale	A
balance	balancesheet	A
balancear	rock	
balanza	scales	
balaustrada	balustrade	
balcón	balcony	
baliza	buoy	
balkanes	balkans	
ballena	whale	
balneario	spa	
baloncesto	basketball	
balotaje	ballot	
bambú	bamboo	
banco	bank	
bandeja	tray	
bandera	banner	
bandido	bandit	
banquero	banker	
banquete	banquet	
bar	buffet	A
barato	cheap	
barba	beard	
barbero	barber	
barco	bark	
baronesa	baroness	
barraca	barrack	
barrena	bore	
barrendero	sweeper	
barrer	sweep	A
barricada	barricade	
barrio	district	A
barro	mud	
barítono	baritone	
barómetro	barometer	
barón	baron	
basalto	basalt	
basar	base	
bastante	rather	
bastar	suffice	
bastardo	bastard	A
bastidor	flat	
basurero	dump	
bata	undress	
batalla	action	
batallón	battalion	
batata	yam	A
batería	battery	
batista	batiste	
baya	berry	A
bayeta	baize	
bazar	bazaar	
bañador	swimmingtrunks	
bañar	bathe	
bañarse	bathe	
bañero	bathssuperintendant	
baño	bath	
baúl	trunk	
beber	drink	
bebida	beverage	
bebé	baby	
belga	belgian	
belleza	beauty	
bencina	gasolene	
bengala	bengal	
berlín	berlin	
besar	kiss	
beso	kiss	
bestia	animal	
bestial	beastly	A
biblia	bible	
biblioteca	library	
bicarbonato	bicarbonateofsoda	
bicicleta	bike	
bien	okay	
bienvenida	welcome	
bife	steak	
biftec	steak	
bigoti	moustache	
bilis	bile	
billete	bill	
biquini	bikini	
birrete	beret	
bisnieta	greatgranddaughter	
bisnieto	greatgrandson	
bistec	steak	
bisté	steak	
bizcocho	bicuit	
blanco	white	A
bloque	block	
blusa	blouse	
boca	mouth	
bocadillo	roll	
bocina	hooter	
boda	wedding	
boina	beret	
bola	chunk	
bolígrafo	ballpointpen	
bomba	bomb	
bombón	bonbon	
bondad	goodness	
boniato	yam	
bonito	affable	A
borde	border	
borracho	drunk	
bosque	forest	
bota	boot	A
botella	bottle	
botica	drugstore	
boticario	chemist	
botón	button	
boxeador	boxer	
boya	buoy	
braguitas	briefs	
branquia	gill	
brasil	brazil	
brasileña	brazilianwoman	
brasileño	brazilian	
bravo	brave	A
brazalete	bracelet	
brazo	arm	
brema	bream	
brezal	heath	
brillar	shine	
britano	briton	
británico	british	
broma	gag	
bromear	jest	
bronco	abrupt	A
brumoso	fuzzy	
brusco	abrupt	
bruselas	brussels	
brusko	brutal	
brújula	compass	
bucear	dive	
bueno	good	
buey	ox	
buho	owl	
bujía	plug	
bula	indulgence	
burdel	brothel	
burdeos	bordeaux	
burla	gag	
burro	ass	A
buscar	fetch	
butaca	armchair	
buzón	letterbox	
bálsamo	balm	
báltico	baltic	
bárbaro	barbarian	
bázico	basic	
bélgica	belgium	
búfalo	buffalo	
búlgara	bulgarianwoman	
búlgaro	bulgarian	
cabal	absolute	A
caballero	cavalier	
caballería	cavalry	
caballo	horse	
caballos	horsepower	
cabana	cabin	A
cabeza	head	
cabina	bathingbox	
cabra	goat	
cacahuete	peanut	
cacahué	peanut	
cacao	cocoa	A
cacerola	casserole	
cacto	cactus	
cadena	chain	
cadera	hip	
caer	drop	
cafetería	cafetaria	
caja	fund	
cal	lime	A
calabacín	courgette	
calabaza	calabash	
calamar	sepia	
calcetín	sock	
calcular	calculate	
caldo	bouillon	
calefacción	heating	
calendario	almanac	
calentar	heat	
calidad	property	
caliente	warm	
callarse	bequiet	
calle	street	
calleja	alley	
callo	corn	
calmar	appease	
calmarse	abate	
calor	heat	
caloría	calorie	
calumniar	slander	
calzoncillos	drawers	
cama	bed	A
camarera	waitress	
camarero	waiter	
camarote	cabin	
cambiar	alter	
cambio	variety	
camello	camel	
camilla	litter	A
camino	path	
camisa	shirt	
camiseta	shirt	
camita	bedstead	
camión	lorry	
camote	yam	
campamento	campingsite	
campana	hood	
campanilla	bell	
campesino	farmer	
camping	campingsite	A
campo	country	A
canadá	canada	
canapé	couch	
canario	canary	
canción	song	
candelaria	candlemas	
candelero	candlestick	
cangrejo	crayfish	
cansado	tired	
cansar	jade	
cantar	sing	
cantidad	quantity	
cantor	singer	A
cantora	singer	
cantábrico	cantabrian	
caos	chaos	
capacidad	ability	
capaz	able	
capitanear	govern	
capitular	capitulate	A
capitán	boss	
capot	bonnet	A
cara	face	
caracol	snail	
carburador	carburettor	
carbón	charcoal	
cardo	thisle	
carga	burden	
cargar	burden	
cargo	accusal	A
carnada	bait	
carnaval	carnival	
carne	flesh	A
carnero	ram	
carnestolendas	carnival	
carnet	notebook	A
carnicero	butcher	
carné	attempt	
caro	dear	
carrera	career	
carrete	film	
carretera	motorway	
carro	cart	
carrocería	body	
carroña	carrion	
carta	letter	
cartearse	correspond	
cartel	notice	A
cartera	wallet	
cartero	postman	
casa	house	
casada	married	
casado	married	
casarse	marry	
cascada	waterfall	
cascajo	chippings	
casi	almost	
caso	affair	
caspa	dandruff	
castaña	chestnut	
castellano	castillian	
castigar	punish	
castigo	redemption	
castilla	castile	A
castillo	castle	
castor	beaver	A
cataluña	catalonia	
catalán	catalonian	
catecismo	catechism	
catedral	cathedral	
catorce	fourteen	
catálogo	catalogue	
católico	catholic	
cauce	bed	
caucho	rubber	
caudillo	boss	
causa	cause	A
causar	activate	
cavar	dig	
cazar	chase	
caña	fishingrod	
caótico	chaotic	
cebada	barley	
cebo	bait	
cebolla	onion	
cebollana	chive	
ceder	cede	
ceja	brow	
celebrar	celebrate	
celo	fervor	
cementerio	cemetery	
cena	dinner	
cenicero	ashtray	
cenicienta	cinderella	
ceniciento	ashen	
ceniza	ash	
cenopegias	feastoftabernacles	
censura	censor	
censurable	blameworthy	A
censurar	censor	
centeno	rye	
centro	centre	
centímetro	centimetre	
cepillar	brush	
cepillo	brush	
cerca	close	
cercar	bar	
cerda	sow	
cerdeña	sardina	
cerdo	hog	
cerebro	brain	
ceremonia	ceremony	
cereza	cherry	
cero	nought	
cerrado	closed	
cerradura	lock	
cerrar	close	
certificación	certificate	
certificado	certificate	
certificar	record	
cerveza	ale	
cerámica	crockery	
cesión	abandonment	
cesto	basket	
chal	shawl	
chaleco	vest	
champaña	champagne	
champiñon	mushroom	
champú	shampoo	
chanza	gag	
chaqueta	jacket	
charco	pool	
charlar	chat	
checo	czech	
checoeslovaquia	czechoslovakia	
cheque	check	A
chico	boy	
chilena	chileanwoman	
chileno	chilean	
chino	chinese	A
chispa	spark	
choque	collision	
chuleta	cutlet	
chupar	suck	
chófer	conductor	
ciclo	cycle	
ciclomotor	moped	
ciclón	cyclone	
ciego	blind	
cielo	heaven	
ciencia	science	
ciento	hundred	
ciertamente	certainly	
cierto	certain	
cifra	cipher	
cigarillo	cigarette	A
cigarro	cigar	
cilindro	cylinder	
cincel	chisel	
cinco	five	
cine	cinema	A
cinta	bond	
cinto	belt	
cintura	waist	
cinturón	belt	
ciprés	cypres	
circo	circus	
circuito	circuit	
circuncisión	circumcision	
circunspecto	thoughtful	
ciruela	plum	
cirujano	surgeon	
cita	citation	
citación	citation	
citar	cite	
ciudad	city	A
ciudadela	citadel	
civilización	civilization	
claro	bright	
clase	class	A
clasificar	classify	
clavel	carnation	
clavo	nail	
cliente	buyer	
clima	climate	
cloaca	sewer	A
cloro	chlorine	
cláusula	clause	
coartada	alibi	
cobertizo	penthouse	
cobrador	guard	
cobre	copper	
cocaína	cocaine	
cocer	bake	
coche	car	
cochina	sow	
cochinillo	piglet	
cocina	kitchen	
cocinar	cook	
cocinera	cook	
cocinero	cook	
cocodrilo	crocodile	
codiciar	covet	
codicioso	acquisitive	
codo	elbow	
coger	clutch	
cohete	rocket	
cojear	limp	
cojo	lame	
col	cabbage	A
cola	glue	A
colchón	mattress	
colecta	collection	
colega	colleague	
colegio	college	
colgar	droop	
coliflor	cauliflower	
colina	hill	
colisión	collision	
colocar	invest	
colonia	cologne	A
color	colour	A
columna	column	
colón	columbus	
comadrona	nurse	
comandante	boss	A
comarca	region	
combiar	change	
combinación	combination	
comenzar	begin	
comer	lunch	A
comerciante	merchant	
comercio	business	
comerse	eatup	
comestible	edible	A
comestibles	food	A
cometer	achieve	
comida	meal	
comienzo	beginning	
comisión	commission	
comitiva	procession	
comité	committee	
communicación	account	
como	how	A
comparar	compare	
compartir	divide	
compañero	colleague	
compañía	company	
compensar	compensate	
competencia	competition	
competidor	rival	
competir	compete	
complacer	satisfy	
complekso	complex	
completamente	completely	
completar	complete	
completo	absolute	
componerse	consistof	
compositor	composer	A
compra	accession	
comprador	buyer	A
comprender	understand	
comprendido	understood	
comprensible	understandable	
compromiso	accommodation	
computador	computer	
computar	calculate	
comunicación	connection	
comunicar	communicate	
comunista	communist	
comunión	communion	
común	commonplace	
con	with	A
concernir	concern	
concha	shell	A
concierto	concert	
concisión	brevity	
conciso	concise	
concluir	accomodate	
conclusión	conclusion	
concordación	accord	
concurso	competition	
condenar	condemn	
condición	circumstance	
conducir	conduct	
conducirse	behave	
conejo	rabbit	
conexión	relation	
confección	making	
conferencia	conference	
confesar	acknowledge	
confesión	acknowledgement	
confianza	confidence	
confirmación	confirmation	
confirmar	affirm	
confiscar	confiscate	
conflicto	conflict	
conforme	agreed	
congreso	congress	
conminación	menace	
conminar	menace	
conmovedor	affecting	
conmover	move	
conmovido	seizedwithemotion	
conocido	famous	
conocimiento	acquaintance	
conocimientos	fame	
conquistar	conquer	
consecuencia	consequence	
consecuente	consistent	
consecutivo	following	
conseguir	succeed	
consejero	counsellor	
consejo	advice	
consentir	spoil	
consequir	achieve	
conserje	porter	
conservación	conservation	
conservador	conservative	
conservar	conserve	
conservatorio	academyofmusic	
consideración	consideration	
considerar	account	
consolar	comfort	
constipado	constipation	
constitución	constitution	
construcción	accommodation	
construir	build	
consulado	consulate	
consulta	consultation	
consumidor	consumer	
consumir	consume	
consumo	demand	
contacto	contact	
contagiado	contaminated	
contagiar	infect	
contagioso	catching	
contante	cash	
contar	count	
contemplación	consideration	
contemplar	account	
contemporáneo	current	
contener	bridle	
contento	contented	
contestación	answer	
contestar	answer	
contiguo	adjacent	
continuamente	constantly	
continuar	continue	
continuo	abiding	A
contra	against	A
contradecir	contradict	
contramandar	cancel	
contraste	contrast	
contratar	putouttotender	
contrato	contract	
contribución	tax	
contribuyente	ratepayer	
controlar	audit	
conulla	quote	
conullas	quotes	
convencer	convince	
convenido	agreed	
conveniente	decent	
convenio	accord	
convenir	befit	
convento	monastery	
conversar	converse	
conversión	conversion	
convertir	convert	
copa	goblet	
copia	copy	
copiar	copy	
copla	verse	
corazón	heart	
corbata	tie	
corcho	cork	
cordel	line	
cordero	lamb	
cordillera	rand	A
coronar	crown	
correcto	correct	
corregir	correct	
correo	mail	
correr	flow	
corriente	current	
corromper	spoil	
corrupción	corruption	
cortacircuito	shortcircuit	
cortar	cutoff	
cortesía	politeness	
corteza	bark	
cortina	curtain	
corto	short	
cortés	courteous	
corzo	roe	
cosa	thing	
cosecha	harvest	
coser	sew	
costa	coast	A
costar	cost	
costear	paytheexpensesof	
costumbre	custom	
costura	seam	
costurera	tailor	
coñac	brandy	
crecer	accrue	
creer	account	
crema	cream	A
cremallera	zipper	
crepe	pancake	A
creta	crete	
criada	maid	
criado	boy	
crimen	crime	
cristianismo	christianity	
cristiano	christian	
cristo	christ	
criticar	censure	
cruce	crossroads	
crudo	crude	
cruz	cross	A
cráneo	skull	
crítica	criticism	
crítico	alarming	
cuadra	stable	
cuadro	bed	
cuartel	barracks	
cuarto	apartment	
cuatro	four	
cubierta	deck	
cubierto	forks	
cubo	bucket	
cubrir	cover	
cucaracha	cockroach	
cuchara	spoon	
cuchichear	whisper	
cuchillo	knife	
cuello	neck	
cuenta	account	
cuerda	cord	
cuerno	horn	
cuero	leather	
cuerpo	body	
cuervo	raven	
cuesta	acclivity	A
cueva	cave	
cuidado	care	
cuidar	attend	
culpa	blame	A
culpable	guilty	A
cultivar	cultivate	A
cultivo	planting	
culto	service	
cultura	culture	
cumpleaños	birthday	
cumplimiento	replacement	
cuna	cradle	
cuota	dues	
cupón	coupon	
cura	treatment	
curar	cure	
curioso	agog	
cursillo	class	
curso	class	
curva	bend	
curvar	bend	
cáliz	goblet	
cámara	camera	
cándido	guileless	
cápsula	capsule	
cáscara	bark	
cáucaso	caucasus	
célula	cell	
címbalo	cymbal	
cínico	cynical	
círculo	circle	
cítara	zither	
código	code	
cólera	cholera	
cómico	amusing	
cómo	how	
cómodo	homy	
cónsul	consul	
córcega	corsica	
córdoba	cordova	
dama	lady	A
damas	checkers	
danés	danish	
dar	give	A
daño	damage	
de	from	A
deber	duty	
debutante	beginner	A
decadencia	decay	
decentar	cutinto	
decidirse	decide	
decir	say	
decisivo	decisive	
decisión	decision	
declaración	declaration	
declarar	declare	
decorar	adorn	
decrecer	abate	
decrépito	decayed	
decudir	abstract	
decímetro	decimetre	
dedo	finger	
deducción	demand	
deducir	countdown	
defecto	damage	
defender	protect	A
defensa	defence	
definir	define	
dejar	allow	
dejo	accent	
delante	ahead	
delatar	accuse	
delegar	delegate	
deletrear	spell	
demandar	ask	
demasiado	too	
demoler	demolish	
demolición	demolition	
demontar	takeapart	
demostrable	apparent	
demás	besides	
dengoso	prudish	
dentista	dentist	
dentro	inside	
denuncia	accusation	
denunciar	accuse	
departamento	compartment	
dependencia	dependence	
depender	depend	
dependienta	saleswoman	
dependiente	dependent	
deplorable	regrettable	A
deplorar	regret	
deporte	sport	
depositar	deposit	
depósito	depository	
derecho	claim	
derivación	derivation	
derivar	derive	
derramar	pour	
derretir	melt	
derretirse	melt	
derribar	demolish	
derribos	rubbish	
derrota	defeat	
derruirse	crumble	
desaconsejar	dissuadefrom	
desacostumbrar	teach	
desagüe	draining	
desanimado	dejected	
desaprender	unlearn	
desaprobación	censure	
desaprobar	condemn	
desarrollar	explain	
desatinar	drivel	
desayuno	breakfast	
descalzo	barefoot	
descansar	repose	
descanso	break	
descargar	writeoff	
descendencia	lineage	
descender	accrue	A
descendiente	offspring	
descolgar	abstract	
desconcharse	scaleoff	
desconocido	unknown	
descortés	rude	
describir	describe	
descripción	account	
descubrimiento	discovery	
descubrir	discover	
descuento	abatement	
descuidado	careless	
descuidar	neglect	
desde	from	
desear	ache	
desechos	clippings	
desembarcadero	pier	
desembocadura	mouth	
desempeñar	occupy	
desenfrenado	lawless	
deseo	avidity	
deserción	apostasy	
desertar	apostatize	
desfiladero	pass	
desgastarse	wearout	
desgracia	accident	
desgraciadamente	unfortunately	
deshielo	melting	
deshonesto	nasty	
desierto	desert	
designar	indicate	
desigual	bumpy	
desinteresado	disinterested	
deslumbar	dazzle	
desmayado	unconscious	
desmayarse	faint	
desmayo	faint	
desmejorarse	decline	
desmoronarse	crumble	
desnatar	cream	
desnudo	bare	
despachar	dispatch	
despacho	demand	
despedida	farewell	
despedir	dismiss	
despedirse	takeleavefrom	
despeñadero	abyss	
despojar	rob	
despreciar	despise	
desprecio	contempt	
despuntar	blunt	
después	after	
destajar	makeacontract	
destajista	builder	
destajo	contract	
desterrado	exile	
destierro	exile	
destinatario	consignee	
destino	destiny	
destituir	depose	
destornillador	screwdriver	
destreza	expertness	
destruir	destroy	
desviar	divert	
desviarse	deviate	
desván	attic	
desvío	aberrance	
detalle	detail	
detención	apprehension	
detener	arrest	
detenido	prisoner	
deterioración	corruption	
deteriorar	damage	
deterioro	damage	
determinar	determine	
detestar	abhor	
detrimento	harm	
detrito	clippings	
detrás	behind	
deuda	debt	
deudo	relative	
devanar	unroll	
devolver	return	
diamante	diamond	
diariamente	daily	
diario	daily	
diarrea	diarrhoea	
dibujar	design	
diccionario	dictionary	
dicho	concerned	
diciembre	december	
dieciocho	eighteen	
diestro	adroit	
dieta	diet	
dietario	agenda	
diez	ten	
diferencia	difference	
diferente	different	
diferir	differ	
dificil	difficult	
dificultar	hamper	
difundir	send	
digestión	digestion	
dimensión	dimension	
dimitir	resign	
dinamarca	denmark	
dinamarqués	danish	
dinero	money	
dios	god	A
diputado	delegate	
diputar	delegate	
dirección	address	
directamente	instantly	
directorio	addresslist	
dirigir	address	
dirigirse	go	
disco	grammophonedisc	A
discreto	discrete	
discriminación	discrimination	
disculpa	apology	
disculparse	apologize	
disferente	different	
disfrutar	enjoy	
disminuir	abate	
disponible	available	
disposición	ability	
disputar	quarrel	
dispénseme	excuseme	
distancia	distance	
distinguir	distinguish	
distinto	different	
distracción	distraction	
distraer	distract	
distraído	abstracted	
distribuir	distribute	
distrito	district	
divergente	different	
diversión	amusement	
divertido	amusing	
divertimento	amusement	A
divertir	amuse	
divertirse	haveagoodtime	
dividir	divide	
divorcio	divorce	
divulgar	publish	
diámetro	diameter	
doblar	fold	
doble	double	
doce	twelve	
documento	document	
doler	ache	
dolor	ache	A
domesticado	tame	
domicilio	abode	
domingo	sunday	A
donde	where	
dormir	sleep	
dos	two	A
dosis	dose	A
dotado	gifted	
dotar	endow	
dromedario	dromedary	
ducha	shower	
ducharse	takeashower	
duda	hesitation	
dudar	doubt	
dueño	boss	
dulce	gentle	
durar	continue	
duro	hard	A
dyschatell	couch	
dátil	date	
débil	faint	
día	day	
dólar	dollar	
dómine	pastor	
ebrio	drunk	
echar	throw	
económico	thrifty	
edad	age	
edecán	adjutant	
edificar	erect	
edificio	building	
editor	publisher	A
eficaz	effective	
efigie	effigy	
egipcio	egyptian	
egipcíaco	egyptian	
egipto	egypt	
egoísta	selfish	
eje	axis	
ejemplo	example	
ejercicio	exercise	
ejército	army	
el	the	A
elección	choice	
electricidad	electricity	
elefante	elephant	
elegante	elegant	
elegir	choose	
elevación	altitude	
ella	her	A
eléctrico	electric	
embajada	embassy	
embajador	ambassador	
embalsamar	embalm	
embarcación	ship	
embarcarse	embark	
embargar	confiscate	
embelesar	charm	
embotado	blunt	
embragar	couple	
embriaguez	drunkenness	
embudo	funnel	
embuste	swindle	
embustero	cheat	
emigrar	emigrate	
emigrarse	emigrate	
emoción	emotion	
empacar	pack	
empalmar	correspond	
empalme	connection	
empezar	begin	
empleado	employee	
emplear	apply	
empleo	post	
emprender	undertake	
empresa	industry	
empujar	push	
en	a	A
encadenación	order	
encadenamiento	order	
encajar	palmoffon	
encaje	lace	
encamado	bedridden	
encantador	charming	
encantar	attract	
encanto	charm	
encendedor	lighter	
encender	burn	
encentar	cutinto	
enciclopedia	encyclopaedia	
encogido	afraid	
encontrar	encounter	
encontrarse	findoneself	
encuadernación	binding	
encuentro	encounter	
encuesta	inquiry	
encía	gum	
endrino	sledge	
enemigo	adversary	
enero	january	
enfermera	nurse	
enfrenar	brake	
enfriar	cool	
engañar	fool	
engaño	swindle	
engañoso	deceptive	
enjugar	dry	
enlace	startingpoint	
enmohecerse	getmouldy	
enorme	enormous	
enrollar	envelop	
ensalada	salad	
ensangrentado	coveredwithblood	
enseñar	indicate	
enteblar	begin	
entender	understand	
enteramente	entirely	
entero	entire	
enterramiento	burial	
enterrar	bury	
entierro	burial	
entonar	intone	
entonces	then	
entrada	entrance	
entrante	future	
entrar	enter	
entre	among	
entrecortado	broken	
entrega	delivery	
entregar	hand	
entretener	amuse	
entristecer	afflict	
envejecer	gooff	
envenenar	poison	
enviar	dispatch	
envidia	envy	
envidiar	envy	
envidioso	envious	
envolver	pack	
equipaje	baggage	
equipajes	baggage	
equis	x	
equivocación	aberration	
equivocarse	err	
error	aberration	A
escala	ladder	
escalar	ascend	
escalda	scheldt	
escalera	staircase	
escama	scale	
escandaloso	aggravating	
escandinavia	scandinavia	
escandálo	offence	
escaparate	showwindow	
escarola	endive	
escarpado	abrupt	
escaño	bank	
esclusa	lock	
escocia	scotland	
escocés	scottish	
escoger	choose	
escombro	mackerel	
escopeta	gun	
escribir	write	
escrupuloso	accurate	
escuchar	listen	
escuela	school	
escultor	sculptor	
escupir	spit	
eslavo	slavic	
eso	that	
espacio	room	
espalda	back	
espantar	deter	
espanto	fright	
esparadrapo	plaster	
españa	spain	
español	spanish	
española	spanishwoman	
especia	spice	
especial	particular	A
especie	kind	
espejo	mirror	
esperanza	hope	
esperar	foresee	
espiga	ear	
espinaca	spinach	
espolear	encourage	
esponja	sponge	
esposa	wife	
esposo	husband	
espuma	foam	
esputo	mucus	
espárrago	asparagus	
esqueleto	skeleton	
esquiar	ski	
esquimal	eskimo	
esquina	corner	
esquí	ski	
esta	these	
establo	stable	
estación	season	
estado	state	
estafar	fleece	
estandarte	flag	
estanque	pond	
estar	be	
estatua	statue	
estaño	tin	
este	east	
estima	esteem	
estimación	esteem	
estimar	esteem	
estimular	rouse	
estipular	stipulate	
estorbar	bar	
estornudar	sneeze	
estrasburgo	strasbourg	
estrecho	narrow	
estrella	star	
estrofa	verse	
estropeado	broken	
estuche	jug	
estudiante	academic	
estudiar	learn	
estudio	study	
estufa	furnace	
estómago	stomach	
europa	europe	A
europeo	european	
evidente	clear	
evidentemente	apparently	
evitar	avoid	
exacción	exaction	
exacto	exact	
exagerar	exaggerate	
examen	investigation	
examinar	examine	
excelente	fine	
excepto	but	
excluir	exclude	
excursión	excursion	
excusado	toilet	
exhortación	admonition	
exhortar	admonish	
exigir	demand	
existencia	existence	
existir	exist	
expedir	dispatch	
experiencia	experience	
experto	experienced	
expiración	end	
expirar	end	
explicación	account	
explicar	explain	
explotar	exploit	
exposición	exhibition	
exterior	external	A
externo	external	
extorsión	exaction	
extra	additional	A
extracto	extract	
extranjero	alien	
extraviarse	strayoff	
extremadura	estremadura	
extremamente	extremely	
fabricación	making	
fabricar	fabricate	
faisán	pheasant	
falaz	deceptive	
falda	skirt	
falta	absence	
faltar	bemissing	
familia	family	
familiar	relative	A
famoso	famous	
fardo	bale	
farmacia	drugstore	
farmacéutico	chemist	
faro	headlight	A
farol	lantern	
farsante	attitudinizer	
fatal	fateful	A
fatigar	jade	
favorable	advantageous	A
favorecer	favor	
faz	face	
febrero	february	
fecha	date	
felicitar	congratulate	
feminino	female	
fender	split	A
fenomenal	phenomenal	
feo	nasty	
fidedigno	plausible	
fiebre	ague	
fiel	faithful	
fiero	savage	
fiesta	celebration	A
figurado	figurative	
figurarse	fancy	
fijar	attach	
fijo	fixed	
fila	grade	
filete	slice	
filtro	filter	
fin	aim	A
final	end	A
finalmente	finally	
finca	estate	
finesa	finnish	
fingir	pretend	
finlandesa	finnish	
finlandia	finland	
finlandés	finnish	
fino	dainty	A
finés	finnish	
firma	company	
firmar	sign	
fisonomía	face	
flamenco	flemmish	A
flan	cream	A
flandes	flanders	
flauta	flute	
flecha	arrow	
flema	mucus	
flor	bloom	
florencia	florence	
florin	guilder	A
foca	seal	
folleto	leaflet	
fondear	anchor	
fondo	background	
formulario	blank	
forrar	cover	
forro	lining	
forzar	compel	
foto	photograph	
fotografía	photograph	
fotógrafo	photographer	
frambuesa	raspberry	
francesa	frenchwoman	
francia	france	A
francés	french	
franela	flannel	
franqueo	postage	
frase	sentence	
fregadero	dresser	
fregar	washup	
freir	fry	
freno	brake	
frente	forehead	
fresa	strawberry	
fresco	fresh	A
fresno	ash	
friolera	trifle	
frisia	friesland	A
frisio	frisian	
frisona	frisian	
frisón	frisian	
frontera	boundary	
frontón	front	
frotar	rub	
fruta	fruit	
frío	bleak	
fuego	fire	A
fuente	fountain	
fuera	abroad	
fuerte	strong	
fuerza	force	
fulminante	acute	
fumar	smoke	
funcionar	function	
funcionario	officer	
función	function	
fundar	base	
fusilar	shootdead	
fábrica	factory	
fácil	easy	
fácilmente	easily	
fécula	potatoflour	
fértil	fertile	
física	physics	
fósforo	match	
gafas	glasses	
gales	wales	A
gallego	galician	
galleta	biscuit	
gallina	chicken	
gallo	cock	
ganado	livestock	
ganancia	accession	
ganar	earn	
gancho	hook	
ganso	goose	
gante	ghent	
garaje	garage	
garantía	guarantee	
garganta	throat	
garra	claw	
garrafa	carafe	
gasolina	gasolene	
gastado	worn	
gastar	spend	
gastos	charge	
gata	femalecat	
gato	cat	
gaviota	seagull	
gemelos	twins	
gemir	groan	
generalmente	generally	
gente	people	
geografía	geographic	
gerente	administrator	
geógrafo	geographer	
ginebra	geneva	
girar	turn	
gobernar	control	
gobierno	administration	
godo	goth	
golondrina	swallow	
golpe	blow	
golpear	beat	
goma	rubber	
gordo	fat	
gorrión	sparrow	
gorro	cap	
gota	arthritis	
grabado	image	
gracia	charm	
gracias	gratitude	
gracioso	affable	
grado	degree	
gramática	grammar	
grande	big	A
granero	barn	
granito	granite	
granizo	hail	
granja	estate	
grasa	fat	
gratitud	gratitude	
gratuito	free	
grave	important	A
grecia	greece	
greda	chalk	
grieco	greek	
griega	greekwoman	
griego	greek	
grieta	crack	
grifo	faucet	
gripe	flu	A
gris	grey	
gritar	scream	
grito	cry	
groenlandia	greenland	
grosella	gooseberry	
grosero	rude	
grueso	bold	
grupo	bevy	
guadaña	scythe	
guante	glove	
guardabarros	mudguard	
guardar	guard	
guardarropa	cloakroom	
guardavía	signalman	
guardia	guard	
guardiamarina	middy	
guerra	war	
guiar	conduct	
guisante	pea	
gusano	worm	
gustar	please	
gusto	taste	A
guía	leader	
gámba	prawn	
génova	genoa	
gótico	gothic	
güeldres	guelderland	
haba	bean	
haber	credit	A
habilidad	ability	
habitación	chamber	
habitante	inhabitant	
habitar	dwell	
habituarse	getused	
hablar	speak	
hacer	achieve	
hacerse	become	
hacha	axe	
halcón	falcon	
hallar	encounter	
hallarse	findoneself	
hambre	fame	
harina	flour	
hay	thereare	A
haya	beech	
hebilla	buckle	
hebraico	hebrew	
hebreo	hebrew	
hecho	fact	
hectolitro	hectolitre	
helada	frost	
hemorroides	haemorhoids	
hendedura	crack	
henderse	burst	
hendidura	ravine	
heno	hay	
heredar	inherit	
herida	injury	
herido	injured	
herir	hurt	
hermana	sister	
hermano	brother	
hermanos	siblings	
hermoso	lovely	
herramienta	agent	
hervir	boil	
hiedra	ivy	
hielo	ice	
hiena	hyaena	
hierba	grass	
hierro	iron	A
higo	fig	
hija	daughter	
hijo	son	
hilo	thread	
hinchable	airbed	
hindú	hindu	
hipopótamo	hippo	
historia	story	
hoja	leaf	
hojalata	tin	
holanda	holland	
holandés	dutchman	
holgazán	lazy	
hombre	man	
hombro	shoulder	
homenaje	honor	
hongo	mushroom	
honorable	respectable	A
honrado	honest	
hora	hour	
horario	schedule	
horizonte	horizon	A
hormiga	ant	
hormigón	concrete	
hornada	bakedgoods	
horrible	abhorrent	A
horror	abhorrence	A
horroroso	abhorrent	
hospitalidad	hospitality	
hoy	today	A
hueco	fantastic	
huelga	strike	
hueso	bone	
huevas	spawn	
huevo	egg	
huir	flee	
humear	smoke	
humedo	damp	
humillante	humiliating	
hungría	hungary	
hurtar	rob	
huésped	guest	
hábil	experienced	
hígado	liver	
húngara	hungarian	
húngaro	hungarian	
ibérico	iberian	
idem	equally	A
identificar	identify	
idolatría	idolatry	
iglesia	church	
ignición	ignition	
igual	equal	
igualdad	draw	
imagen	image	
imitación	imitation	
imitar	imitate	
impedimento	handicap	
impedir	bar	
imperdible	safetypin	
imperio	empire	
implorar	implore	
imponer	tax	
importancia	concern	
importante	important	
importar	amountto	
importe	amount	
imposible	impossible	
impresión	trace	
imprimir	print	
impuesto	tax	
imán	magnet	
incendio	conflagration	
incitar	encourage	
inclemente	severe	
inclinado	oblique	
incluído	including	
incomodar	bother	
inconveniente	difficulty	
incremento	accretion	
increíble	incredible	
incrustación	fur	
indeciso	indecisive	
indemnizar	compensate	
indicación	index	
indicar	indicate	
indicio	index	
indico	indian	
indigencia	misery	
indigente	miserable	
indio	indian	
indispuesta	upset	
individuo	individual	
indole	character	A
indonesio	indonesian	
indonésico	indonesian	
indulgencia	indulgence	
indígena	aboriginal	
infamar	slander	
infección	infection	
infectar	infect	
infeliz	unhappy	
inficionar	infect	
inflamación	inflammation	
inflar	inflate	
información	account	
informar	acquaint	
ingeniero	engineer	
ingenuo	guileless	
inglaterra	england	
inglesa	english	
inglés	english	
ingrediente	component	
iniciador	pioneer	
inicial	initial	
injuria	abuse	
injuriar	abuse	
inmediatamente	immediately	
inmóvil	motionless	
innato	congenital	
innovador	pioneer	
inocente	guiltless	
inpulsar	encourage	
inquieto	agitated	
inscribir	enter	
insecto	bug	
insistencia	insistence	
insistir	insist	
insolente	rude	
inspector	checker	A
instancia	insistence	
instar	insist	A
instigador	firebrand	
instigar	abet	
instinto	access	
instruir	teach	
instrumento	agent	
insultar	jeer	
insulto	abuse	
inteligencia	notion	
inteligible	understandable	
intención	intention	
intentar	attempt	
interesante	interesting	
interesar	interest	
interior	inner	A
interna	inner	
interprete	interpreter	
interrumpir	interrupt	
interruptor	switch	
interés	interest	
intestinos	intestines	
inventar	invent	
invierno	winter	
invitar	invite	
invocar	invoke	
inválido	disabled	
inyección	injection	
ir	go	A
irlanda	ireland	
irlandés	irish	
irregular	abnormal	A
irse	go	
isla	island	
islandia	iceland	
israelita	israelite	
israelí	israelian	
italia	italy	
italiana	italianwoman	
italiano	italian	
iva	vat	
jabalí	wildboar	
jadeante	breathless	
jamás	never	
jamón	ham	
japonesa	japanesewoman	
japonés	japanese	
japón	japan	
jardinero	gardener	
jarra	jug	
jarro	jug	
javanesa	javanesewoman	
javanés	javan	
jefe	boss	
jengibre	ginger	
jerez	sherry	
jesucristo	jesuschrist	
jirafa	giraffe	
joven	young	
joya	gem	
joyero	jeweller	
judía	haricot	
judío	israelite	
juego	game	
jueves	thursday	
juez	judge	
jugar	play	
jugo	juice	
juguete	toy	
juicio	judgment	
julio	july	
junco	cane	A
junio	june	
juntamente	together	
juntar	join	
juntarse	associate	
jurar	blaspheme	
justamente	exactly	
juventud	youth	
juzgado	tribunal	
juzgar	judge	
kilómetro	kilometre	
la	the	A
labio	lip	
laborioso	active	
labrador	builder	A
lado	side	
ladrar	bark	
ladrillo	brick	
ladrón	thief	
lago	lake	
lamer	lick	A
langosta	lobster	
lanzar	throw	
laponia	lapland	
largo	long	
largura	length	
las	the	A
lastre	ballast	
lata	can	
latino	latin	A
latín	latin	
latón	brass	
lavadero	laundry	
lavaplatos	dishwasher	
lavar	wash	
lazo	bond	
lección	lesson	
leche	milk	
lechería	dairy	
lecho	bed	
lechuga	lettuce	
lechón	piglet	
leer	read	A
legúa	mile	
lejano	distant	
lejos	away	
lengua	tongue	
lenguado	sole	
lente	lens	
lenteja	lentil	
lento	slow	
letonia	latvia	
letón	latvian	
levantar	lever	
levantarse	rise	
ley	law	A
leño	timber	
león	lion	
liar	bind	A
libertino	lawless	
libra	pound	A
librero	bookseller	
librería	bookshop	
libro	book	
libréria	bookcase	
licor	liqueur	
liebre	hare	
ligar	bind	
ligero	light	
lila	lilac	
lima	file	A
limitado	confined	
limitar	abridge	
limosna	alms	
limpiar	polish	
limpieza	cleanliness	
limpio	clean	
limón	lemon	
lince	lynx	
lindo	delightful	
lisboa	lisbon	
lisera	shoulder	
liso	even	
lista	list	
listo	finished	
litro	liter	
lituania	lithuania	
llama	flame	A
llamada	appeal	
llamar	invoke	
llamarse	becalled	
llano	plain	
llanta	felly	
llanura	plain	
llave	key	
llegada	arrival	
llegar	pass	
llenar	complete	
lleno	complete	
llevar	bring	
llorar	cry	
llover	rain	
lluvia	rain	
lo	the	A
lobo	wolf	
loma	hill	
londinense	londoner	
londres	london	
lorena	lorraine	
loro	parrot	A
los	the	A
lovaina	louvain	
loza	crockery	
lucio	pike	
lucir	shine	
luego	soon	
lugar	inducement	
lujo	luxury	
lumbar	loin	A
luna	moon	A
lunes	monday	A
luxemburgo	luxemburg	
luxemburgués	luxemburg	
luz	light	
lágrima	tear	
lámina	plate	
lámpara	lamp	
lápiz	pencil	
línea	line	
líquido	liquid	
lúgubre	bleak	
macarrones	macaroni	
maciso	massive	
madera	timber	
madre	bed	A
maduro	mature	
maestra	teacher	
maestro	instructor	A
magnífico	lovely	
mahoma	mohammed	
majo	pretty	A
malayo	malay	
malentendido	misunderstanding	
maleta	trunk	
malinas	malines	
mallorca	majorca	A
malo	erroneous	
mancebía	brothel	
mancha	blot	
mandar	direct	
mandarina	tangerine	
mandato	command	
mando	command	
mandíbula	jaw	
manga	sleeve	A
manido	stale	
mano	hand	
manso	tame	
manta	blanket	A
mantequilla	butter	
manzana	apple	
mapa	map	
maquinar	initiate	
mar	sea	A
marcar	dial	
marea	tide	
mareado	dizzy	
marfil	ivory	
margarina	margarine	
marido	husband	
marina	navy	A
marinero	sailor	
mariposa	butterfly	A
marroquí	moroccan	
marroquía	moroccanwoman	
marroquín	moroccan	
marroquína	moroccanwoman	
marruecos	morocco	
marrón	brown	
marsella	marseilles	
martes	tuesday	
martillo	hammer	
marzo	march	
mas	but	
masa	lump	
masaje	massage	
masajear	massage	
masculino	male	
masticar	chew	
matar	butcher	
materia	matter	A
material	data	A
matrimonio	marriage	
matrícula	numberplate	
mayo	may	A
mayoría	majority	
maíz	corn	
mañana	morning	
mear	urinate	
mecanógrafa	stenotypist	
mechero	lighter	
mecánico	mechanic	
media	stocking	A
medicamento	drug	
medicina	drug	
medida	measure	
medio	half	
mediodía	midday	
medir	measure	
mediterráneo	mediterranean	
medroso	afraid	
mejicana	mexicanwoman	
mejicano	mexican	
mejikano	mexican	
mejilla	cheek	
mejor	better	
melindroso	prudish	
melocotón	peach	
melón	melon	
mencionar	cite	
mendicidad	begging	
mendigar	beg	
mendigo	beggar	
menesteroso	abject	
menguar	abate	
menos	but	
mensaje	errand	
mensualmente	monthly	
menta	mint	
mentir	lie	
mentira	lie	
menú	menu	
mercado	fair	
merecer	deserve	
merluza	haddock	
mermelada	jam	
mes	month	
mesa	table	A
meter	place	A
meticuloso	accurate	
metro	metre	A
mezcla	admixture	
mezquino	petty	
mezquita	mosque	
mi	my	
miedo	agony	
miedoso	afraid	
miel	honey	
miembro	limb	
mil	thousand	
millón	million	
milímetro	millimetre	
mimar	spoil	
mimoso	affectionate	
ministerio	ministry	
minuto	minute	
mirada	look	
mirlo	blackbird	
misa	mass	
misericordia	charity	
misericordioso	charitable	
mismo	even	
mito	myth	
mitología	mythology	
mitra	miter	A
miércoles	wednesday	
mobilario	furniture	
mochila	backpack	
moda	fashion	
moderno	modern	
modesto	modest	
modista	milliner	
mohoso	mouldy	
moisés	moses	
mojado	wet	
moler	grind	A
molestar	bother	
molestia	hindrance	
momentito	instant	
momento	instant	
moneda	coin	
monedas	change	
monje	monk	
mono	ape	A
monopolio	monopoly	
monstruo	colossus	
montar	enter	
montaña	mountain	
monte	mountain	A
monólogo	monologue	
morado	violet	
morar	dwell	
morder	bite	
mordisco	bite	
moreno	brown	
morir	die	
mosa	meuse	
mosaico	mosaic	
mosca	fly	
moscú	moscow	
mosela	moselle	
mostaza	mustard	
mostrador	counter	
mostrar	indicate	
motivo	inducement	
moto	motorcycle	
motocicleta	moped	
motor	engine	A
moverse	move	
mozo	porter	
muchacha	girl	
muchacho	boy	
mucho	much	
mudar	alter	
mudo	dumb	
mueblaje	furniture	
muelle	spring	
muerte	death	
muerto	dead	
mujer	wife	
mulo	mule	
multa	fine	
multar	fine	
multiplicar	multiply	
mundo	world	
municipio	community	
museo	museum	
muslo	thigh	
muy	quite	
muérdago	mistletoe	
muñeca	wrist	
máquina	engine	
mármol	marble	
más	more	
mástil	mast	
máximo	maximum	
máximum	maximum	
médico	doctor	
méjico	mexico	
método	method	
méxico	mexico	
músculo	muscle	
música	music	
músico	musician	
nabo	turnip	
nacer	arise	
nacimiento	birth	
nacional	national	
nacionalidad	nationality	
nada	nothing	A
nadar	float	
nadie	neither	
naranja	orange	
nariz	nose	
natural	coming	A
naturaleza	character	
naturalmente	naturally	
navegar	navigate	
navidad	christmas	
necesario	necessary	
necesidad	need	
necesitado	abject	
necesitar	need	
neerlandesa	dutchwoman	
neerlandés	dutch	
negar	deny	
negativa	refusal	
negativo	negative	
negocio	enterprise	
nene	baby	
nervio	nerve	
neumático	tyre	
nevado	snowy	
nevar	snow	
niebla	fog	
nieto	grandson	
nieve	snow	
nilo	nile	
nilón	nylon	
nimega	nimwegen	
ninguno	neither	
nivel	level	
niño	bairn	
noble	ofnoblebirth	A
nobleza	nobility	
noche	night	
noción	concept	
nombramiento	appointment	
nombrar	appoint	
nombre	appellation	
norte	north	
norteamérica	northamerica	
noruega	norway	
noruego	norwegian	
nosotras	us	
nosotros	us	
notable	considerable	A
notar	note	
notario	notary	
noticia	account	
noticias	news	
notificar	instruct	
notoriedad	acquaintance	
novela	novel	
noviembre	november	
novio	beloved	
noé	noah	
nube	cloud	
nudo	knot	
nueve	nine	
nuevo	new	
nuez	nut	
nunca	never	
nápoles	naples	
níquel	nickel	
número	amount	
o	or	A
obedecer	obey	
obispo	bishop	
objeción	objection	
objecto	article	
objeto	thing	
obligar	compel	
obligatorio	compulsory	
obra	work	
obrera	femalworker	
obrero	hand	
observar	keep	
obstrucción	dam	
obtener	achieve	
obtuso	blunt	
oca	goose	
ocasionar	activate	
occipucio	occiput	
oceanía	oceania	
ochenta	eighty	
ocho	eight	
ochocientos	eighthundred	
octavo	eighth	A
octubre	october	
oculista	oculist	
ocultar	conceal	
ocultarse	hide	
oculto	hidden	
ocupado	busy	
ocupar	occupy	
océano	ocean	
odiar	hate	
odio	hate	
oeste	west	
ofender	abuse	
ofensa	abuse	
oferta	offer	
oficial	official	
oficina	bureau	
oficio	handicraft	
oficioso	accommodating	
ofrecer	bid	
ofrecimiento	offer	
ojo	eye	
ola	wave	
oleaje	billow	
oler	reek	
olla	jug	A
olmo	elm	
olor	aroma	
olvidar	forget	
omnipotencia	omnipotence	
omnipotente	almighty	
omnisciente	omniscient	
once	eleven	A
opinión	opinion	
opio	opium	
oponerse	confront	
oprimido	stale	
oprimir	suppress	
oración	appeal	
orden	order	
ordenador	computer	
oreja	ear	
orgulloso	proud	
origen	lineage	
original	aboriginal	A
originario	coming	
orina	urine	
orinal	pot	
orinar	urinate	
oro	gold	A
ortiga	nettle	
ortografía	orthography	
oruga	caterpillar	
oscuro	dark	
oso	bear	
ostra	oyster	
otoño	autumn	
otro	other	
oveja	sheep	
oír	hear	
paciencia	patience	
pacífico	pacific	
padre	father	A
padres	parents	
pagar	pay	
pago	payment	A
paisaje	landscape	
pala	shovel	
palabra	word	
palacio	palace	
palmera	palm	
palo	baton	
paloma	pigeon	
pan	bread	A
pana	brakedown	
panadero	baker	
panadería	bakery	
panamá	panama	
panecillo	roll	
panne	brakedown	
pantalón	pants	
pantorrilla	calf	
papel	paper	
paquete	packet	
par	even	A
para	for	A
parachoques	buffer	
parada	stop	
paraguas	umbrella	
paralelo	parallel	
paraninfo	auditorium	
parar	turnaway	
parche	adhesiveplaster	
pardo	brown	
parecer	appear	
parecerse	resemble	
pared	wall	A
pariente	relative	
parir	bear	
parisiense	parisian	
parque	park	
parra	vine	
parroquiano	client	
parte	part	
particular	affair	A
partidario	acolyte	
partido	adherents	
parís	paris	
pasada	former	
pasado	former	
pasaporte	passport	
pasar	pass	
pascua	easter	
pasillo	corridor	
paso	pass	
pastel	bakedgoods	A
pastelero	confectioner	
pastelería	confectionery	
patada	kick	
patata	potato	
patillas	whiskers	
patinar	skate	
patinete	scooter	
patio	court	A
pato	duck	
patria	cradle	
patriarca	patriarch	
patrono	patron	
patrón	boss	
pavo	turkey	A
paz	peace	A
país	country	
pañal	swaddlingcloth	
peatón	pedestrian	
pecho	bosom	
pedazo	bit	
pedido	order	
pedir	book	
pegar	sew	
peinar	comb	
peine	comb	
peligro	danger	
peligroso	dangerous	
pelota	ball	
peludo	hairy	
peluquera	hairdresser	
peluquero	barber	
pelvis	basin	A
película	film	
pendiente	earring	
pensamiento	thought	
pensar	think	
pensión	boardingschool	
pentecostés	pentecost	
península	peninsula	
pepino	gherkin	
pequeño	diminutive	
pera	pear	
perca	bass	
perder	miss	
perdida	loss	
perdido	lost	
perdiz	partridge	
peregrinación	pilgrimage	
perejil	parsley	
periodista	journalist	
periódico	gazette	
perla	pearl	
permiso	permission	
permitir	accord	
pero	but	
perpetrar	achieve	
perro	dog	
persa	persian	
perseguir	chase	
persona	person	A
peruana	peruvianwoman	
peruano	peruvian	
perímetro	circumference	
perú	peru	
pesado	burdensome	
pesar	weigh	
pescador	fisherman	
pescar	fish	
peso	weight	A
petición	request	
petroleo	petroleum	
petróleo	crudeoil	
petulancia	wantonness	
petulante	wanton	
pez	fish	
pezuña	hoof	
picar	pick	
picazón	itch	
pichón	dove	
pico	beak	A
piedra	stone	
piel	fur	
pierna	leg	
pieza	fragment	
pijama	pyjamas	
pila	battery	
pimienta	pepper	
pimiento	paprika	
pino	pine	
pintar	paint	
pintor	painter	
pintoresco	picturesque	
pintura	dye	
piojo	louse	
pipa	pipe	A
pirenaico	pyrenean	
pirineos	pyrenees	
piscina	pool	
piso	apartment	
pistón	piston	
piña	pineapple	
placer	pleasure	A
plancha	iron	
planchar	iron	
plano	even	A
planta	sole	A
plantar	plant	A
plantío	planting	
plata	silver	A
plataforma	platform	
platija	plaice	
platillo	cymbal	
plato	food	A
playa	beach	
pleito	complaint	
plemear	hightide	
plombo	lead	
pluma	feather	
plástico	plastic	
plátano	banana	
población	population	
pobre	miserable	
pobreza	poverty	
pobrezo	misery	
poco	rather	A
podadera	bill	
poder	beableto	
podrido	addled	
poesía	poetry	
polaca	polishwoman	
polaco	polish	
polaina	gaiter	
policía	police	
pollo	chick	
polonesa	polishwoman	
polonia	poland	
polonés	polish	
polvo	dust	
polvos	powder	
política	policy	
político	politician	
pomelo	grapefruit	A
poner	start	
ponerse	attitudinize	
poney	pony	
popa	stern	
poquito	rather	
por	a	
porciento	percent	
porque	because	
portamonedas	purse	
portero	porter	
portuguesa	portuguesewoman	
portugués	portuguese	
portátil	portable	
porvenir	future	
poseer	own	
posible	possible	
postal	picturepostcard	A
poste	pole	A
postre	dessert	
postrero	last	
practicable	passable	A
precavido	careful	
precio	price	
precipicio	abyss	
precipitadamente	hastily	
preciso	accurate	
preferir	prefer	
pregunta	question	
preguntar	ask	
preguntarse	wonder	
prejuicio	prejudice	
premiar	awardaprize	
preocupar	agitate	
preparar	prepare	
presa	dam	
presencia	presence	
presentación	accession	
presente	present	
preservativo	condom	
presión	pressure	
prestar	borrow	
preste	priest	
presumido	attitudinizer	
presupuesto	budget	
pretensión	offer	
pretina	belt	
prever	foresee	
prima	cousin	A
primavera	spring	
primeramente	first	
primero	first	
primitivo	initial	
primo	cousin	
princesa	princess	
principal	mostimportant	A
principalmente	especially	
principiante	beginner	
principiar	begin	
principio	beginning	
prisa	haste	
prisión	jail	
privar	rob	
probablemente	probably	
probar	attempt	
proceso	action	
proclamación	proclamation	
proclamar	issue	
procurarse	achieve	
producción	making	
producir	activate	
producto	product	
profesional	professional	
profesión	profession	
profundidad	depth	
profundo	deep	
progreso	advance	
prohibir	forbid	
prohijar	affiliate	
promesa	affirmation	
prometer	promise	
prometida	bride	
promulgar	issue	
pronto	soon	A
pronunciación	pronunciation	
pronunciar	pronounce	
propiedad	ownership	
propietario	owner	
propina	tip	
propio	own	
proposición	offer	
propulsión	drive	
propósito	design	
prostituta	prostitute	
protección	protection	
protectar	protect	
protector	patron	A
proteger	protect	
protesta	protest	
protestante	protestant	
protestar	protest	
provecho	benefit	
proveniente	coming	
provisionalmente	temporarily	
proyectar	plan	
prudente	thoughtful	
prueba	problem	
prusia	prussia	
prusiano	prussian	
prémio	premium	
príncipe	prince	
próximo	future	
psiquiatra	psychiatrist	
publicación	advice	
publicar	advertise	
pudín	pudding	
pueblecito	hamlet	
pueblo	folk	A
puente	bridge	
puerta	gate	
puerto	harbor	A
puesto	barn	
pulga	flea	
pulgar	thumb	
pulmón	lung	
pulsera	bracelet	
punta	peak	
puntiagudo	pointed	
punto	dot	
purgante	laxative	
purificación	candlemas	
puro	pure	
puta	hooker	
putrefacción	corruption	
puño	fist	
pájaro	bird	
pálido	pale	
párpado	eyelid	
párrafo	paragraph	
píldora	pill	
póliza	policy	
que	that	A
quebraja	crack	
quebrar	break	
quedar	meet	
quedarse	remain	
queja	complaint	
quejarse	complain	
quemado	burnt	
quemar	burn	
quemarse	sticktothepan	
queque	cake	
querer	love	
querido	beloved	
queso	cheese	
quieto	calm	
quince	fifteen	A
quinto	fifth	A
quitar	abstract	
quitarse	putoff	
quizás	maybe	
química	chemistry	
químico	chemist	
ración	share	
radiador	radiator	
ralea	property	
rama	bough	
rana	frog	
raramente	seldom	
raro	rare	
rascar	scratch	
rata	rat	A
ratón	mouse	
raya	ray	
rayo	beam	
raza	breed	A
razonable	acceptable	
reaccionar	react	
realizar	accomplish	
realizarse	happen	
rebaja	abatement	
rebanada	breadandbutter	
rebuznar	bray	
recado	errand	
recalar	endup	
recelo	suspicion	
recelocaz	suspicion	
receloso	suspicious	
receta	prescription	
rechazar	reject	
recibir	get	
recibo	receipt	
recientemente	recently	
recitar	recite	
recoger	collect	
recomendable	recommendable	
recomendación	recommendation	
recompensa	compensation	
recompensar	compensate	
recorrer	cover	
recreación	entertainment	
recuerdo	keepsake	
red	net	A
redentor	redeemer	
redicho	hackneyed	
redondear	round	
redondel	arena	
redondo	round	
reducción	abatement	
reflexionar	think	
reflexión	consultation	
reflujo	lowtide	
refrenar	control	
refugio	asylum	
regalo	gift	
regar	irrigate	
registrar	examine	A
registro	record	
región	region	
regla	regulation	
reglamento	regulations	
rehusar	reject	
reina	queen	
reino	kingdom	
reja	barrier	
relación	relation	
relampaguear	lighten	
relevar	taketheplaceof	
relevo	replacement	
religión	religion	
relleno	replacement	
reloj	watch	
relojero	watchmaker	
relámpago	lightning	
remar	row	
remendar	mend	
remitente	sender	
remo	oar	
remolacha	beet	
remolcar	drag	
remolque	trailer	
renegado	unfaithful	
reparar	fix	
reparo	criticism	
repeler	wardoff	
repetir	repeat	
reponerse	revive	
reprender	reproach	
representante	agent	
representar	represent	
reprimir	bridle	
reprobable	blameworthy	
reprobación	censure	
reprobar	condemn	
reproducción	image	
reproducir	depict	
repugnancia	aversion	
repulsar	reducetheprice	
república	republic	
requerir	admonish	
resabio	habit	
reservar	reserve	
resfriado	cold	
resignación	acquiescence	
resistir	resist	
resolver	decide	A
respaldo	prop	
respectar	esteem	
respetable	respectable	
respetar	respect	
respiración	respiration	
respirar	exhale	
responder	answer	A
responsabilidad	responsibility	
responsable	accountable	
respuesta	answer	
resquebrajarse	burst	
restar	remain	
restaurante	restaurant	
resultado	result	
resultar	pointouttobe	
resumen	abridgement	
retaguardia	rear	
retener	detain	
retirarse	retreat	
retiro	isolation	
retraso	delay	
retratar	depict	
retrato	image	
retrete	toilet	
retroceder	gobackwards	
retroceso	decline	
retrovisor	drivingmirror	
retrógrado	backward	
reumatismo	rheumatism	
reunir	join	
reunirse	join	
reunión	joining	
revelar	develop	
reverso	back	
revisar	examine	
revisor	guard	
revista	periodical	
revés	back	
rey	king	
rezagado	laggard	
rezar	pray	
reír	laugh	
reñir	quarrel	
rico	nice	A
ridiculizar	ridicule	
ridículo	ridiculous	
riesgo	hazard	
rigido	rigid	
rin	rhine	A
rinceronte	rhino	
riqueza	abundance	
risa	laughter	
ritmo	rhythm	
riñón	kidney	
robar	rob	
roble	oak	
robo	abstraction	
roca	reef	
rocío	dew	
rodar	roll	
rodilla	knee	
rojo	red	
roma	rome	A
romano	roman	
romería	pilgrimage	
romper	break	A
románico	romanesque	
ron	rum	A
roncar	snore	
ropa	clothes	
rosa	rose	A
rosado	pink	
rostro	face	
roto	broken	
rubio	blond	
ruego	appeal	
ruido	ado	
ruina	ruin	
ruiseñor	nightingale	
rumania	romania	A
rumano	romanian	
rusa	russianwoman	A
rusia	russia	
ruso	russian	
ruta	route	
rábano	radish	
rápido	fast	
récord	record	
río	river	
saber	know	A
saborear	taste	
sacacorchos	corkscrew	
sacerdote	priest	
sajonia	saxe	
sajón	saxon	
salario	salary	
saldar	liquidate	
salida	demand	
salir	exit	
salmo	psalm	
salmón	salmon	
salsa	gravy	A
saltamontes	grasshopper	
saltar	jump	
salteo	assault	
salto	jump	
salud	health	
saludar	greet	
saludo	greeting	
salvador	redeemer	A
salvar	keep	
salvia	sage	A
salvo	bar	A
sanar	recover	
sandalia	sandal	
sangrar	bleed	
sangre	blood	
sangría	bleeding	
santa	saint	A
santo	saint	A
sapo	toad	A
sartén	fryingpan	
sastre	tailor	
satanás	lucifer	
satán	lucifer	
sauce	willow	A
secar	dry	
sección	section	
seco	dry	
secreción	secretion	
secreto	hidden	
secta	sect	
sed	thirst	
seducir	attract	
segregar	divide	
seguido	directly	
seguir	follow	
segundo	second	
seguridad	safety	
seguro	insurance	
seis	six	
sellar	mark	
sello	stamp	
semanalmente	weekly	
sembrar	sow	
semejante	like	
sencillo	simple	
sendero	path	
sensible	sensitive	A
sentarse	sitdown	
sentencia	decision	
sentimiento	feel	
sentir	regret	
sentirse	feel	
separación	separation	
separado	apart	
separar	divide	
septiembre	september	
ser	be	
sereno	serene	
serie	series	
serio	earnest	
serpiente	serpent	
servicial	accommodating	
servicio	service	
servilleta	napkin	
servir	accomodate	
sesenta	sixty	
seta	fungus	
seudónimo	pseudonym	
severo	severe	
sevilla	seville	
sexo	sex	
sexto	sixth	
sexual	generative	A
seña	character	
señal	mark	
señas	address	
señorita	madam	
si	as	A
siberiana	siberian	
siberiano	siberian	
sidra	cider	
siempre	constantly	
sien	temple	
sierra	mountainchain	A
siete	seven	
siglo	centennial	
significar	imply	
siguiente	following	
silbar	whistle	
silencio	calm	
silla	chair	
sillón	armchair	
sin	without	A
sincero	honest	
sistema	system	
sitiar	besiege	
sitio	place	
sobre	envelope	
sobretodo	especially	
sobrino	nephew	
sofocar	choke	
sol	sun	A
solicitación	request	
solicitar	ask	
solicitud	request	
sollo	sturgeon	
solo	alone	A
soltero	single	
solterona	spinster	
solterón	bachelor	
sombra	shadow	
sombrero	hat	A
somero	shallow	
sonido	sound	
sonreír	smile	
sonrisa	smile	
sopa	soup	
soplar	blow	
sordo	deaf	
sorprender	surprise	
sorpresa	surprise	
sosegado	calm	
sosegar	appease	
sosegarse	abate	
sospecha	suspicion	
sospechar	suspect	
sostener	abet	
sostén	bra	
soñar	dream	
su	her	
subasta	tender	
subir	ascend	
subscripción	subscription	
subscriptor	subscriber	
substantivo	noun	
substituir	taketheplaceof	
subyugar	govern	
sucesivamente	consecutively	
sucesivo	following	
sucinto	concise	
sucio	dirty	
sudafricano	southafrican	
sudamericano	southamerican	
sudar	sweat	
sudor	perspiration	A
suecia	sweden	
sueco	swedish	
suela	sole	
suelo	bottom	
suelto	loose	
suerte	destiny	
sueño	sleep	
suiza	switzerland	
suizo	swiss	
sujetador	bra	
sujetar	hold	
suma	amount	
sumar	sumup	
superficie	summit	
supermercado	supermarket	
suplemento	replacement	
suplicar	implore	
suponer	guess	
sur	south	A
surtido	assortment	
suscribirse	subscribe	
suscripción	subscription	
suscriptor	subscriber	
suspender	reject	A
suspicaz	suspicious	
suspirar	sigh	
sustraer	subtract	
sábana	sheet	
séptimo	seventh	
sí	yes	
sólido	firm	
sólo	exclusively	
sótano	basement	
tabaco	tobacco	
taberna	bar	
tabique	wall	
tabla	shelf	A
taburete	barstool	
taco	nail	A
tacón	heel	
tajada	slice	
tajo	tagus	
tal	such	
talento	aptitude	
talentoso	gifted	
taller	workplace	A
talón	heel	
tamaño	dimension	
también	also	
tambor	drum	
tampoco	neither	
tampón	plug	
tanque	cistern	
tantico	rather	
tanto	thatmuch	
tapicero	paperer	
tapizar	paper	
taquilla	window	
tardar	remain	
tarde	afternoon	
tardío	late	
tarjeta	card	
tasa	assessment	
taza	cup	
teatro	theatre	
tejado	roof	
tela	bit	
telegrama	telegram	
telemando	remotecontrol	
televisión	television	
teléfono	telephone	
temer	fear	
temeroso	afraid	
temor	fear	
temperatura	temperature	
tempestad	storm	
templo	temple	
temporada	season	
temprano	early	
tenazas	pincers	
tenedor	fork	
tener	desire	
tenga	behold	
tenis	tennis	
tensión	tension	
tentación	disposal	
tercero	third	
tercio	third	
terciopelo	velvet	
terminado	completed	
terminante	effective	
terminar	accomodate	
terminarse	end	
termos	thermosbottle	
termómetro	thermometer	
ternero	calf	
terraza	terrace	
terremoto	earthquake	
terrenal	terrestrial	
terreno	ground	
terrestre	terrestrial	
testigo	witness	
tetera	teapot	
texto	lyric	
teñir	dye	
tibio	lukewarm	
tiburón	shark	
tiempo	time	
tienda	boutique	
tierno	soft	
tierra	earth	A
tigre	tiger	
tijeras	scissors	
timbrar	mark	
timbre	bell	A
timón	handlebars	
tinieblas	darkness	
tinta	ink	
tirantes	braces	
tirar	fire	
titubear	hesitate	
toalla	towel	
tobillo	ankle	
tocar	touchupon	
tocino	bacon	
todavia	still	
todo	entire	
todopoderoso	almighty	
todos	all	
tolerar	endure	
tomar	accept	
tomate	tomato	
tomo	volume	
toque	touch	A
torcido	furious	
tormenta	storm	
tornillo	screw	
toro	bull	A
torre	castle	
torta	pie	
tortilla	omelette	A
toser	cough	
trabajador	hand	
trabajar	work	
trabajo	job	
traducir	translate	
traer	bring	
tragar	engulf	
traje	costume	
tranquilo	calm	
transbordador	ferry	
transitable	passable	A
transitivo	transitive	
transpirar	sweat	
transportar	transport	
transporte	transport	
tranvía	streetcar	
tras	behind	
trasladar	copy	
traslado	copy	
trasporte	transport	
trastornar	overthrow	
tratado	treaty	
tratamiento	treatment	
tratar	treat	
trato	treatment	
trece	thirteen	
treinta	thirty	
tremblar	quiver	
tren	train	
trepar	climb	
tres	three	
tributo	tax	
tricar	carriertricycle	A
trigo	wheat	
trillado	hackneyed	
trinidad	trinity	A
trinquete	clique	
tripulación	crew	
triste	sad	
tristeza	sadness	
trivial	commonplace	A
trombón	trumpet	
tronar	thunder	
tronco	stem	
trono	throne	
trozo	slice	
trucha	trout	
trueno	thunder	
tráfico	traffic	
tu	your	
tuerca	nut	
tumba	grave	
turca	turkishwoman	
turco	turkish	
turista	tourist	
turno	file	
turquía	turkey	
tutear	theeandthou	
támesis	thames	
tápa	cover	
té	tea	
técnica	technics	
término	end	
tía	aunt	
tímido	afraid	
tío	uncle	
título	superscription	
tóxico	poisonous	
tú	thou	
túnel	tunnel	
túnez	tunis	
uf	shame	A
ultrajar	abuse	
un	one	A
una	one	A
unas	any	
unirse	associate	
universal	general	A
universidad	university	
unión	joining	
uno	one	A
unos	any	
urbano	urban	
urgente	pressing	
urgentemente	urgently	
urraca	magpie	
usado	worn	
usar	wearout	
uso	use	
usted	thou	
ustedes	ye	
uva	grape	
uña	nail	
vaca	cow	
vacaciones	vacation	
vaciar	empty	
vacilación	hesitation	
vacilar	hesitate	
vacío	empty	
vainilla	vanilla	
vale	agreed	A
valer	beworth	
valle	valley	
valor	courage	A
valuta	currency	A
vampiro	vampire	
variar	vary	
variedad	variety	
varios	several	
vasco	basque	
vascuence	basque	
vaso	glass	
vecino	adjacent	
vegetación	vegetation	
vegetariano	vegetarian	
veinte	twenty	
vejiga	bladder	
vela	candle	A
velludo	hairy	
velocidad	speed	
vena	vein	A
vencimiento	end	
vendaje	bandage	
vendar	dress	
vendedor	salesman	
vendedora	saleswoman	
vender	sell	A
veneno	poison	
venganza	revenge	
vengar	avenge	
venir	come	
venta	sale	
ventaja	advantage	
ventana	window	
ventilador	ventilator	
ventilar	aerate	
ver	see	
verano	summer	
verbena	fair	A
verdad	reality	
verdaderamente	absolutely	
verdadero	true	
verde	green	A
verduras	vegetable	
vergonzoso	ashamed	
vergüenza	shame	
vermut	vermouth	
verter	pourin	
vestido	dress	
vestir	cover	
vestirse	dress	
vestíbulo	hall	
veterinario	veterinarian	
viajar	travel	
viaje	journey	
viajero	traveller	
viaticar	administerthelastsacraments	
victoria	victory	A
vida	life	
vidrio	glass	
viejo	old	A
viena	vienna	
viento	wind	
vientre	abdomen	
viernes	friday	
viga	beam	
vigilar	guard	
vinagre	vinegar	
violento	acute	
violoncelo	cello	
virtud	energy	
visado	visa	
visita	visit	
visitación	inspection	
visitar	attend	
vista	appearance	A
vitamina	vitamin	
viudo	widower	
vivir	live	
vivo	alive	A
vizcaya	biscay	
viña	vine	
volante	handlebars	
volar	fly	A
voltaje	tension	
voluntad	will	
voluntariamente	willingly	
volver	turnaway	
vomitar	vomit	
vosotras	you	
vosotros	you	
votar	vote	
voz	voice	
vuelo	flight	
válido	valid	
válvula	tube	
vía	path	
víbora	adder	
vístula	vistula	
xilófono	xylophone	
y	and	A
ya	already	
yate	yacht	
yedra	ivy	
yerba	grass	A
yerro	aberration	
yo	i	A
yodo	iodine	
yogur	yoghourt	
yugo	yoke	
yugoeslavia	yugoslavia	
zalamero	affectionate	
zambullirse	dive	
zanahoria	carrot	
zanja	hole	
zapatero	shoemaker	
zapatilla	slipper	
zapato	shoe	
zarza	blackberry	
zarzamora	blackberry	
zelandia	zealand	
zelandés	zealand	
zona	zone	
zorro	fox	A
zote	addled	
zumo	juice	
zurrar	thrash	
áfrica	africa	
ágata	agate	
ágil	adroit	
águila	eagle	
álamo	poplar	
álbum	album	
álgebra	algebra	
ángulo	angle	
árabe	arabian	
árbol	tree	
árido	barren	
áspero	coarse	
áspid	adder	
átomo	atom	
ávido	acquisitive	
él	he	
ídolo	idol	
ñajú	gumbo	
ñame	yam	
ñandu	nandu	
ópera	opera	
óptico	optician	
órbita	orbit	
úlcera	ulcer	
último	last	
único	alone	
útero	uterus	
